{
  "timestamp": "2026-04-07 14:55:41",
  "device": "NVIDIA L4",
  "dtype": "float16",
  "warmup": 10,
  "iters": 30,
  "kernel": "Bruce-Lee-LY wmma_async_stage3",
  "cases": [
    {
      "shape": {
        "m": 16384,
        "n": 256,
        "k": 256
      },
      "matmul_equals_mm": true,
      "matmul_vs_mm_max_abs_diff": 0.0,
      "cublas_close_vs_mm": true,
      "cublas_vs_mm_max_abs_diff": 0.0,
      "cublas_vs_mm_mean_abs_diff": 0.0,
      "kernel_close_vs_mm": true,
      "kernel_max_abs_err_vs_mm": 0.15625,
      "kernel_mean_abs_err_vs_mm": 0.00910186767578125,
      "kernel_ms": 0.049491198857625325,
      "matmul_ms": 0.04160853226979574,
      "mm_ms": 0.04140373468399048,
      "cublas_ms": 0.04167679945627848,
      "kernel_tflops": 43.39122303700525,
      "matmul_tflops": 51.611617397975145,
      "mm_tflops": 51.86690679936089,
      "cublas_tflops": 51.52707683930581,
      "pct_of_torch_matmul_tflops": 84.07258912739982,
      "pct_of_torch_mm_tflops": 83.65878305574975,
      "pct_of_cublas_tflops": 84.21052716094621
    },
    {
      "shape": {
        "m": 16384,
        "n": 512,
        "k": 256
      },
      "matmul_equals_mm": true,
      "matmul_vs_mm_max_abs_diff": 0.0,
      "cublas_close_vs_mm": true,
      "cublas_vs_mm_max_abs_diff": 0.0,
      "cublas_vs_mm_mean_abs_diff": 0.0,
      "kernel_close_vs_mm": false,
      "kernel_max_abs_err_vs_mm": 0.1875,
      "kernel_mean_abs_err_vs_mm": 0.00917816162109375,
      "kernel_ms": 0.0731818675994873,
      "matmul_ms": 0.07936000029246013,
      "mm_ms": 0.07932586669921875,
      "cublas_ms": 0.07936000029246013,
      "kernel_tflops": 58.68895447579545,
      "matmul_tflops": 54.12005141345821,
      "mm_tflops": 54.14333904834978,
      "cublas_tflops": 54.12005141345821,
      "pct_of_torch_matmul_tflops": 108.44216319646931,
      "pct_of_torch_mm_tflops": 108.39552105086545,
      "pct_of_cublas_tflops": 108.44216319646931
    },
    {
      "shape": {
        "m": 16384,
        "n": 1024,
        "k": 256
      },
      "matmul_equals_mm": true,
      "matmul_vs_mm_max_abs_diff": 0.0,
      "cublas_close_vs_mm": true,
      "cublas_vs_mm_max_abs_diff": 0.0,
      "cublas_vs_mm_mean_abs_diff": 0.0,
      "kernel_close_vs_mm": false,
      "kernel_max_abs_err_vs_mm": 0.1875,
      "kernel_mean_abs_err_vs_mm": 0.00917816162109375,
      "kernel_ms": 0.15749120712280273,
      "matmul_ms": 0.15953920682271322,
      "mm_ms": 0.15994879404703777,
      "cublas_ms": 0.16046080589294434,
      "kernel_tflops": 54.54231222764109,
      "matmul_tflops": 53.84215430847354,
      "mm_tflops": 53.704278567263664,
      "cublas_tflops": 53.53291443476236,
      "pct_of_torch_matmul_tflops": 101.30038986767912,
      "pct_of_torch_mm_tflops": 101.56045976733083,
      "pct_of_cublas_tflops": 101.88556480351696
    },
    {
      "shape": {
        "m": 32768,
        "n": 1024,
        "k": 256
      },
      "matmul_equals_mm": true,
      "matmul_vs_mm_max_abs_diff": 0.0,
      "cublas_close_vs_mm": true,
      "cublas_vs_mm_max_abs_diff": 0.0,
      "cublas_vs_mm_mean_abs_diff": 0.0,
      "kernel_close_vs_mm": false,
      "kernel_max_abs_err_vs_mm": 0.1875,
      "kernel_mean_abs_err_vs_mm": 0.0091705322265625,
      "kernel_ms": 0.6190762837727865,
      "matmul_ms": 0.3121493339538574,
      "mm_ms": 0.31286614735921225,
      "cublas_ms": 0.45725011825561523,
      "kernel_tflops": 27.750811385152915,
      "matmul_tflops": 55.037340513882256,
      "mm_tflops": 54.9112434471065,
      "cublas_tflops": 37.57214814845819,
      "pct_of_torch_matmul_tflops": 50.42178841863414,
      "pct_of_torch_mm_tflops": 50.537575991853124,
      "pct_of_cublas_tflops": 73.86006058397727
    }
  ]
}