{
  "timestamp": "2026-04-07 14:42:07",
  "device": "NVIDIA L4",
  "dtype": "float16",
  "warmup": 10,
  "iters": 30,
  "kernel": "Bruce-Lee-LY wmma_async_stage3",
  "cases": [
    {
      "shape": {
        "m": 16384,
        "n": 256,
        "k": 256
      },
      "matmul_equals_mm": true,
      "matmul_vs_mm_max_abs_diff": 0.0,
      "cublas_close_vs_mm": true,
      "cublas_vs_mm_max_abs_diff": 0.0,
      "cublas_vs_mm_mean_abs_diff": 0.0,
      "kernel_close_vs_mm": true,
      "kernel_max_abs_err_vs_mm": 0.15625,
      "kernel_mean_abs_err_vs_mm": 0.00910186767578125,
      "kernel_ms": 0.045875199635823566,
      "matmul_ms": 0.04648960034052531,
      "mm_ms": 0.0425983985265096,
      "cublas_ms": 0.04256426493326823,
      "kernel_tflops": 46.81142894303718,
      "matmul_tflops": 46.192774992045344,
      "mm_tflops": 50.41230943608337,
      "cublas_tflops": 50.45273661760166,
      "pct_of_torch_matmul_tflops": 101.33928726104541,
      "pct_of_torch_mm_tflops": 92.85714038232733,
      "pct_of_cublas_tflops": 92.78273505327734
    },
    {
      "shape": {
        "m": 16384,
        "n": 512,
        "k": 256
      },
      "matmul_equals_mm": true,
      "matmul_vs_mm_max_abs_diff": 0.0,
      "cublas_close_vs_mm": true,
      "cublas_vs_mm_max_abs_diff": 0.0,
      "cublas_vs_mm_mean_abs_diff": 0.0,
      "kernel_close_vs_mm": false,
      "kernel_max_abs_err_vs_mm": 0.1875,
      "kernel_mean_abs_err_vs_mm": 0.00917816162109375,
      "kernel_ms": 0.07434240182240805,
      "matmul_ms": 0.08174933592478434,
      "mm_ms": 0.08236052989959716,
      "cublas_ms": 0.08209066390991211,
      "kernel_tflops": 57.7727809529208,
      "matmul_tflops": 52.538253031825235,
      "mm_tflops": 52.14836889995541,
      "cublas_tflops": 52.31980217279495,
      "pct_of_torch_matmul_tflops": 109.96326984440218,
      "pct_of_torch_mm_tflops": 110.78540359288245,
      "pct_of_cublas_tflops": 110.42239946190251
    },
    {
      "shape": {
        "m": 16384,
        "n": 1024,
        "k": 256
      },
      "matmul_equals_mm": true,
      "matmul_vs_mm_max_abs_diff": 0.0,
      "cublas_close_vs_mm": true,
      "cublas_vs_mm_max_abs_diff": 0.0,
      "cublas_vs_mm_mean_abs_diff": 0.0,
      "kernel_close_vs_mm": false,
      "kernel_max_abs_err_vs_mm": 0.1875,
      "kernel_mean_abs_err_vs_mm": 0.00917816162109375,
      "kernel_ms": 0.1660586675008138,
      "matmul_ms": 0.1613141377766927,
      "mm_ms": 0.16097280184427898,
      "cublas_ms": 0.16059734026590983,
      "kernel_tflops": 51.72831217592363,
      "matmul_tflops": 53.249731923007595,
      "mm_tflops": 53.36264569905224,
      "cublas_tflops": 53.48740257950209,
      "pct_of_torch_matmul_tflops": 97.14285933066527,
      "pct_of_torch_mm_tflops": 96.93730792070222,
      "pct_of_cublas_tflops": 96.71120615557318
    },
    {
      "shape": {
        "m": 32768,
        "n": 1024,
        "k": 256
      },
      "matmul_equals_mm": true,
      "matmul_vs_mm_max_abs_diff": 0.0,
      "cublas_close_vs_mm": true,
      "cublas_vs_mm_max_abs_diff": 0.0,
      "cublas_vs_mm_mean_abs_diff": 0.0,
      "kernel_close_vs_mm": false,
      "kernel_max_abs_err_vs_mm": 0.1875,
      "kernel_mean_abs_err_vs_mm": 0.0091705322265625,
      "kernel_ms": 0.6284287770589193,
      "matmul_ms": 0.3192490577697754,
      "mm_ms": 0.3293866793314616,
      "cublas_ms": 0.44287999471028644,
      "kernel_tflops": 27.33781426178909,
      "matmul_tflops": 53.813374748905794,
      "mm_tflops": 52.15714618110561,
      "cublas_tflops": 38.79125133037078,
      "pct_of_torch_matmul_tflops": 50.80115192430848,
      "pct_of_torch_mm_tflops": 52.414321456284846,
      "pct_of_cublas_tflops": 70.4741747796765
    }
  ]
}