{
  "timestamp": "2026-04-07 16:10:14",
  "device": "NVIDIA L4",
  "dtype": "float16",
  "warmup": 5,
  "iters": 10,
  "cases": [
    {
      "shape": {
        "m": 16384,
        "n": 512,
        "k": 256
      },
      "baselines": {
        "matmul_ms": 0.08642560243606567,
        "mm_ms": 0.08355839848518372,
        "cublas_ms": 0.08366079926490784,
        "matmul_tflops": 49.6955436229357,
        "mm_tflops": 51.40078524556174,
        "cublas_tflops": 51.33787070812216,
        "matmul_equals_mm": true,
        "matmul_vs_mm_max_abs_diff": 0.0,
        "matmul_vs_mm_mean_abs_diff": 0.0,
        "cublas_close_vs_mm": true,
        "cublas_vs_mm_max_abs_diff": 0.0,
        "cublas_vs_mm_mean_abs_diff": 0.0
      },
      "results": [
        {
          "mode": "reg_pingpong_256_mma",
          "close_vs_torch_mm": false,
          "max_abs_err_vs_torch_mm": NaN,
          "mean_abs_err_vs_torch_mm": NaN,
          "kernel_ms": 0.1486847996711731,
          "kernel_tflops": 28.886391248457294,
          "pct_of_torch_matmul_tflops": 58.12672353004611,
          "pct_of_torch_mm_tflops": 56.198346212914174,
          "latency_pct_of_torch_matmul": 172.03790946226192,
          "latency_pct_of_torch_mm": 177.94117930292472,
          "latency_pct_of_cublas": 177.7233793815069,
          "speedup_vs_torch_matmul": 0.581267235300461,
          "speedup_vs_torch_mm": 0.5619834621291416,
          "speedup_vs_cublas": 0.562672172608966,
          "pct_of_cublas_tflops": 56.2672172608966
        }
      ]
    }
  ]
}