{
  "timestamp": "2026-04-07 15:05:18",
  "device": "NVIDIA L4",
  "dtype": "float16",
  "warmup": 10,
  "iters": 30,
  "kernel": "Bruce-Lee-LY wmma_async_stage3",
  "cases": [
    {
      "shape": {
        "m": 16384,
        "n": 256,
        "k": 256
      },
      "matmul_equals_mm": true,
      "matmul_vs_mm_max_abs_diff": 0.0,
      "cublas_close_vs_mm": true,
      "cublas_vs_mm_max_abs_diff": 0.0,
      "cublas_vs_mm_mean_abs_diff": 0.0,
      "kernel_close_vs_mm": true,
      "kernel_max_abs_err_vs_mm": 0.15625,
      "kernel_mean_abs_err_vs_mm": 0.00910186767578125,
      "kernel_ms": 0.0478549321492513,
      "matmul_ms": 0.04123306671778361,
      "mm_ms": 0.040994131565093996,
      "cublas_ms": 0.04116479953130086,
      "kernel_tflops": 44.87486558966101,
      "matmul_tflops": 52.08158933940757,
      "mm_tflops": 52.38514797148566,
      "cublas_tflops": 52.16796079298523,
      "pct_of_torch_matmul_tflops": 86.16262706043499,
      "pct_of_torch_mm_tflops": 85.66333651302722,
      "pct_of_cublas_tflops": 86.01997261831848
    },
    {
      "shape": {
        "m": 16384,
        "n": 512,
        "k": 256
      },
      "matmul_equals_mm": true,
      "matmul_vs_mm_max_abs_diff": 0.0,
      "cublas_close_vs_mm": true,
      "cublas_vs_mm_max_abs_diff": 0.0,
      "cublas_vs_mm_mean_abs_diff": 0.0,
      "kernel_close_vs_mm": false,
      "kernel_max_abs_err_vs_mm": 0.1875,
      "kernel_mean_abs_err_vs_mm": 0.00917816162109375,
      "kernel_ms": 0.0724992036819458,
      "matmul_ms": 0.07850666840871175,
      "mm_ms": 0.07901866436004638,
      "cublas_ms": 0.07871146996815999,
      "kernel_tflops": 59.24157891225995,
      "matmul_tflops": 54.70831182951326,
      "mm_tflops": 54.3538331201107,
      "cublas_tflops": 54.56596475376944,
      "pct_of_torch_matmul_tflops": 108.28624925746868,
      "pct_of_torch_mm_tflops": 108.99245832644102,
      "pct_of_cublas_tflops": 108.56873726981529
    },
    {
      "shape": {
        "m": 16384,
        "n": 1024,
        "k": 256
      },
      "matmul_equals_mm": true,
      "matmul_vs_mm_max_abs_diff": 0.0,
      "cublas_close_vs_mm": true,
      "cublas_vs_mm_max_abs_diff": 0.0,
      "cublas_vs_mm_mean_abs_diff": 0.0,
      "kernel_close_vs_mm": false,
      "kernel_max_abs_err_vs_mm": 0.1875,
      "kernel_mean_abs_err_vs_mm": 0.00917816162109375,
      "kernel_ms": 0.1894741376241048,
      "matmul_ms": 0.1573205312093099,
      "mm_ms": 0.15738879839579265,
      "cublas_ms": 0.16042666435241698,
      "kernel_tflops": 45.33565741326373,
      "matmul_tflops": 54.60148479012806,
      "mm_tflops": 54.577801467157194,
      "cublas_tflops": 53.54430715538706,
      "pct_of_torch_matmul_tflops": 83.03008166814617,
      "pct_of_torch_mm_tflops": 83.06611148590325,
      "pct_of_cublas_tflops": 84.66942579292025
    },
    {
      "shape": {
        "m": 32768,
        "n": 1024,
        "k": 256
      },
      "matmul_equals_mm": true,
      "matmul_vs_mm_max_abs_diff": 0.0,
      "cublas_close_vs_mm": true,
      "cublas_vs_mm_max_abs_diff": 0.0,
      "cublas_vs_mm_mean_abs_diff": 0.0,
      "kernel_close_vs_mm": false,
      "kernel_max_abs_err_vs_mm": 0.1875,
      "kernel_mean_abs_err_vs_mm": 0.0091705322265625,
      "kernel_ms": 0.6221141179402669,
      "matmul_ms": 0.3614720026652018,
      "mm_ms": 0.3919189453125,
      "cublas_ms": 0.520362663269043,
      "kernel_tflops": 27.615301901329854,
      "matmul_tflops": 47.52752372889065,
      "mm_tflops": 43.83526080960817,
      "cublas_tflops": 33.015184210319674,
      "pct_of_torch_matmul_tflops": 58.10380961325634,
      "pct_of_torch_mm_tflops": 62.99791855071364,
      "pct_of_cublas_tflops": 83.64424600938025
    }
  ]
}