{
  "timestamp": "2026-04-07 16:12:53",
  "device": "NVIDIA L4",
  "dtype": "float16",
  "warmup": 10,
  "iters": 30,
  "cases": [
    {
      "shape": {
        "m": 16384,
        "n": 256,
        "k": 256
      },
      "baselines": {
        "matmul_ms": 0.039867734909057616,
        "mm_ms": 0.03959466616312663,
        "cublas_ms": 0.039628799756368,
        "matmul_tflops": 53.865203350494575,
        "mm_tflops": 54.23669034492049,
        "cublas_tflops": 54.189974493358655,
        "matmul_equals_mm": true,
        "matmul_vs_mm_max_abs_diff": 0.0,
        "matmul_vs_mm_mean_abs_diff": 0.0,
        "cublas_close_vs_mm": true,
        "cublas_vs_mm_max_abs_diff": 0.0,
        "cublas_vs_mm_mean_abs_diff": 0.0
      },
      "results": [
        {
          "mode": "reg_pingpong_256",
          "close_vs_torch_mm": true,
          "max_abs_err_vs_torch_mm": 0.0,
          "mean_abs_err_vs_torch_mm": 0.0,
          "kernel_ms": 0.045636268456776936,
          "kernel_tflops": 47.056512739071266,
          "pct_of_torch_matmul_tflops": 87.35976068423996,
          "pct_of_torch_mm_tflops": 86.7614016264883,
          "latency_pct_of_torch_matmul": 114.469178048058,
          "latency_pct_of_torch_mm": 115.25862667653118,
          "latency_pct_of_cublas": 115.15935061708142,
          "speedup_vs_torch_matmul": 0.8735976068423995,
          "speedup_vs_torch_mm": 0.867614016264883,
          "speedup_vs_cublas": 0.8683619650870725,
          "pct_of_cublas_tflops": 86.83619650870727
        },
        {
          "mode": "reg_pingpong_256_mma",
          "close_vs_torch_mm": false,
          "max_abs_err_vs_torch_mm": NaN,
          "mean_abs_err_vs_torch_mm": NaN,
          "kernel_ms": 0.08850773175557454,
          "kernel_tflops": 24.263232210385326,
          "pct_of_torch_matmul_tflops": 45.0443527568388,
          "pct_of_torch_mm_tflops": 44.73582745569888,
          "latency_pct_of_torch_matmul": 222.00341192563292,
          "latency_pct_of_torch_mm": 223.53448161661538,
          "latency_pct_of_cublas": 223.3419439894899,
          "speedup_vs_torch_matmul": 0.45044352756838785,
          "speedup_vs_torch_mm": 0.4473582745569888,
          "speedup_vs_cublas": 0.44774393118341366,
          "pct_of_cublas_tflops": 44.77439311834138
        },
        {
          "mode": "reg_pingpong_256_colb",
          "close_vs_torch_mm": true,
          "max_abs_err_vs_torch_mm": 0.0,
          "mean_abs_err_vs_torch_mm": 0.0,
          "kernel_ms": 0.050790401299794515,
          "kernel_tflops": 42.281289240545696,
          "pct_of_torch_matmul_tflops": 78.4946247495369,
          "pct_of_torch_mm_tflops": 77.95698626088,
          "latency_pct_of_torch_matmul": 127.39725849901585,
          "latency_pct_of_torch_mm": 128.2758669830487,
          "latency_pct_of_cublas": 128.16537874486835,
          "speedup_vs_torch_matmul": 0.784946247495369,
          "speedup_vs_torch_mm": 0.7795698626088001,
          "speedup_vs_cublas": 0.7802419107196211,
          "pct_of_cublas_tflops": 78.02419107196212
        },
        {
          "mode": "reg_pingpong_256_colb_mma",
          "close_vs_torch_mm": true,
          "max_abs_err_vs_torch_mm": 0.0,
          "mean_abs_err_vs_torch_mm": 0.0,
          "kernel_ms": 0.09458346366882324,
          "kernel_tflops": 22.70464164348273,
          "pct_of_torch_matmul_tflops": 42.15085107123106,
          "pct_of_torch_mm_tflops": 41.862144424911655,
          "latency_pct_of_torch_matmul": 237.2431337887086,
          "latency_pct_of_torch_mm": 238.87930581141276,
          "latency_pct_of_cublas": 238.6735511807281,
          "speedup_vs_torch_matmul": 0.42150851071231055,
          "speedup_vs_torch_mm": 0.41862144424911657,
          "speedup_vs_cublas": 0.4189823275570158,
          "pct_of_cublas_tflops": 41.89823275570159
        }
      ]
    },
    {
      "shape": {
        "m": 16384,
        "n": 512,
        "k": 256
      },
      "baselines": {
        "matmul_ms": 0.07069013118743897,
        "mm_ms": 0.07065599759419759,
        "cublas_ms": 0.07072426478068033,
        "matmul_tflops": 60.75766480913221,
        "mm_tflops": 60.787016562521956,
        "cublas_tflops": 60.72834138776726,
        "matmul_equals_mm": true,
        "matmul_vs_mm_max_abs_diff": 0.0,
        "matmul_vs_mm_mean_abs_diff": 0.0,
        "cublas_close_vs_mm": true,
        "cublas_vs_mm_max_abs_diff": 0.0,
        "cublas_vs_mm_mean_abs_diff": 0.0
      },
      "results": [
        {
          "mode": "reg_pingpong_256",
          "close_vs_torch_mm": true,
          "max_abs_err_vs_torch_mm": 0.0,
          "mean_abs_err_vs_torch_mm": 0.0,
          "kernel_ms": 0.07683413028717041,
          "kernel_tflops": 55.89921145651549,
          "pct_of_torch_matmul_tflops": 92.00355483068785,
          "pct_of_torch_mm_tflops": 91.9591297905217,
          "latency_pct_of_torch_matmul": 108.69145239445132,
          "latency_pct_of_torch_mm": 108.74396074407727,
          "latency_pct_of_cublas": 108.63899472894782,
          "speedup_vs_torch_matmul": 0.9200355483068785,
          "speedup_vs_torch_mm": 0.9195912979052171,
          "speedup_vs_cublas": 0.9204797987085397,
          "pct_of_cublas_tflops": 92.04797987085396
        },
        {
          "mode": "reg_pingpong_256_mma",
          "close_vs_torch_mm": false,
          "max_abs_err_vs_torch_mm": NaN,
          "mean_abs_err_vs_torch_mm": NaN,
          "kernel_ms": 0.15325867335001628,
          "kernel_tflops": 28.02430167323084,
          "pct_of_torch_matmul_tflops": 46.124718191964874,
          "pct_of_torch_mm_tflops": 46.10244630842623,
          "latency_pct_of_torch_matmul": 216.80349261715477,
          "latency_pct_of_torch_mm": 216.90822940500408,
          "latency_pct_of_cublas": 216.69885692736358,
          "speedup_vs_torch_matmul": 0.4612471819196487,
          "speedup_vs_torch_mm": 0.4610244630842623,
          "speedup_vs_cublas": 0.46146990075503497,
          "pct_of_cublas_tflops": 46.1469900755035
        },
        {
          "mode": "reg_pingpong_256_colb",
          "close_vs_torch_mm": true,
          "max_abs_err_vs_torch_mm": 0.0,
          "mean_abs_err_vs_torch_mm": 0.0,
          "kernel_ms": 0.08232959906260172,
          "kernel_tflops": 52.16796079298523,
          "pct_of_torch_matmul_tflops": 85.86235326335994,
          "pct_of_torch_mm_tflops": 85.82089357737819,
          "latency_pct_of_torch_matmul": 116.46547782504467,
          "latency_pct_of_torch_mm": 116.52174177123611,
          "latency_pct_of_cublas": 116.4092681880966,
          "speedup_vs_torch_matmul": 0.8586235326335995,
          "speedup_vs_torch_mm": 0.8582089357737821,
          "speedup_vs_cublas": 0.8590381294934167,
          "pct_of_cublas_tflops": 85.90381294934166
        },
        {
          "mode": "reg_pingpong_256_colb_mma",
          "close_vs_torch_mm": true,
          "max_abs_err_vs_torch_mm": 0.0,
          "mean_abs_err_vs_torch_mm": 0.0,
          "kernel_ms": 0.17718613942464193,
          "kernel_tflops": 24.23986046508265,
          "pct_of_torch_matmul_tflops": 39.895971218168455,
          "pct_of_torch_mm_tflops": 39.876706961183,
          "latency_pct_of_torch_matmul": 250.65187523110208,
          "latency_pct_of_torch_mm": 250.77296401967834,
          "latency_pct_of_cublas": 250.53090332448906,
          "speedup_vs_torch_matmul": 0.3989597121816845,
          "speedup_vs_torch_mm": 0.39876706961182995,
          "speedup_vs_cublas": 0.39915235475153904,
          "pct_of_cublas_tflops": 39.915235475153914
        }
      ]
    },
    {
      "shape": {
        "m": 16384,
        "n": 1024,
        "k": 256
      },
      "baselines": {
        "matmul_ms": 0.15544320742289225,
        "mm_ms": 0.1552725315093994,
        "cublas_ms": 0.15513599713643392,
        "matmul_tflops": 55.26091962726031,
        "mm_tflops": 55.32166255355996,
        "cublas_tflops": 55.37035085703291,