{
  "timestamp": "2026-04-07 16:15:30",
  "device": "NVIDIA L4",
  "dtype": "float16",
  "warmup": 10,
  "iters": 30,
  "cases": [
    {
      "shape": {
        "m": 2048,
        "n": 2048,
        "k": 2048
      },
      "baselines": {
        "matmul_ms": 0.24494080543518065,
        "mm_ms": 0.24477012952168783,
        "cublas_ms": 0.2442581335703532,
        "matmul_tflops": 70.1388613198888,
        "mm_tflops": 70.18776848944627,
        "cublas_tflops": 70.33489093230835,
        "matmul_equals_mm": true,
        "matmul_vs_mm_max_abs_diff": 0.0,
        "matmul_vs_mm_mean_abs_diff": 0.0,
        "cublas_close_vs_mm": true,
        "cublas_vs_mm_max_abs_diff": 0.0,
        "cublas_vs_mm_mean_abs_diff": 0.0
      },
      "results": [
        {
          "mode": "reg_pingpong_256",
          "close_vs_torch_mm": true,
          "max_abs_err_vs_torch_mm": 0.125,
          "mean_abs_err_vs_torch_mm": 0.004497528076171875,
          "kernel_ms": 0.24415574073791504,
          "kernel_tflops": 70.36438763257034,
          "pct_of_torch_matmul_tflops": 100.32154259199184,
          "pct_of_torch_mm_tflops": 100.25163806589838,
          "latency_pct_of_torch_matmul": 99.67948799063072,
          "latency_pct_of_torch_mm": 99.74899356184785,
          "latency_pct_of_cublas": 99.9580800725276,
          "speedup_vs_torch_matmul": 1.0032154259199186,
          "speedup_vs_torch_mm": 1.0025163806589839,
          "speedup_vs_cublas": 1.000419375076452,
          "pct_of_cublas_tflops": 100.04193750764522
        },
        {
          "mode": "reg_pingpong_256_mma",
          "close_vs_torch_mm": false,
          "max_abs_err_vs_torch_mm": NaN,
          "mean_abs_err_vs_torch_mm": NaN,
          "kernel_ms": 0.29866666793823243,
          "kernel_tflops": 57.52188318367347,
          "pct_of_torch_matmul_tflops": 82.01143004208193,
          "pct_of_torch_mm_tflops": 81.95428408914681,
          "latency_pct_of_torch_matmul": 121.93422300853395,
          "latency_pct_of_torch_mm": 122.01924659755883,
          "latency_pct_of_cublas": 122.27501437621852,
          "speedup_vs_torch_matmul": 0.8201143004208193,
          "speedup_vs_torch_mm": 0.8195428408914683,
          "speedup_vs_cublas": 0.8178285687402803,
          "pct_of_cublas_tflops": 81.78285687402803
        },
        {
          "mode": "reg_pingpong_256_colb",
          "close_vs_torch_mm": true,
          "max_abs_err_vs_torch_mm": 0.125,
          "mean_abs_err_vs_torch_mm": 0.004497528076171875,
          "kernel_ms": 0.3579221407572428,
          "kernel_tflops": 47.99890039675438,
          "pct_of_torch_matmul_tflops": 68.43410271210612,
          "pct_of_torch_mm_tflops": 68.38641750516929,
          "latency_pct_of_torch_matmul": 146.1259752621989,
          "latency_pct_of_torch_mm": 146.22786753296592,
          "latency_pct_of_cublas": 146.53437964396431,
          "speedup_vs_torch_matmul": 0.6843410271210614,
          "speedup_vs_torch_mm": 0.6838641750516931,
          "speedup_vs_cublas": 0.6824337076593954,
          "pct_of_cublas_tflops": 68.24337076593955
        },
        {
          "mode": "reg_pingpong_256_colb_mma",
          "close_vs_torch_mm": true,
          "max_abs_err_vs_torch_mm": 0.125,
          "mean_abs_err_vs_torch_mm": 0.004497528076171875,
          "kernel_ms": 0.41861120859781903,
          "kernel_tflops": 41.0401557128528,
          "pct_of_torch_matmul_tflops": 58.51272025315205,
          "pct_of_torch_mm_tflops": 58.471948312509426,
          "latency_pct_of_torch_matmul": 170.90300975130796,
          "latency_pct_of_torch_mm": 171.02217881562547,
          "latency_pct_of_cublas": 171.38066294003156,
          "speedup_vs_torch_matmul": 0.5851272025315205,
          "speedup_vs_torch_mm": 0.5847194831250945,
          "speedup_vs_cublas": 0.583496400845359,
          "pct_of_cublas_tflops": 58.3496400845359
        }
      ]
    },
    {
      "shape": {
        "m": 4096,
        "n": 4096,
        "k": 4096
      },
      "baselines": {
        "matmul_ms": 2.4524800618489584,
        "mm_ms": 2.489685312906901,
        "cublas_ms": 2.4990379333496096,
        "matmul_tflops": 56.04080359714847,
        "mm_tflops": 55.20334347457324,
        "cublas_tflops": 54.99674560272976,
        "matmul_equals_mm": true,
        "matmul_vs_mm_max_abs_diff": 0.0,
        "matmul_vs_mm_mean_abs_diff": 0.0,
        "cublas_close_vs_mm": true,
        "cublas_vs_mm_max_abs_diff": 0.0,
        "cublas_vs_mm_mean_abs_diff": 0.0
      },
      "results": [
        {
          "mode": "reg_pingpong_256",
          "close_vs_torch_mm": true,
          "max_abs_err_vs_torch_mm": 0.0,
          "mean_abs_err_vs_torch_mm": 0.0,
          "kernel_ms": 2.3408299763997396,
          "kernel_tflops": 58.71377026852025,
          "pct_of_torch_matmul_tflops": 104.76967941178451,
          "pct_of_torch_mm_tflops": 106.35908365869889,
          "latency_pct_of_torch_matmul": 95.44746205336959,
          "latency_pct_of_torch_mm": 94.02111842265876,
          "latency_pct_of_cublas": 93.66924547888658,
          "speedup_vs_torch_matmul": 1.0476967941178452,
          "speedup_vs_torch_mm": 1.063590836586989,
          "speedup_vs_cublas": 1.0675862657881707,
          "pct_of_cublas_tflops": 106.75862657881704
        },
        {
          "mode": "reg_pingpong_256_mma",
          "close_vs_torch_mm": false,
          "max_abs_err_vs_torch_mm": NaN,
          "mean_abs_err_vs_torch_mm": NaN,
          "kernel_ms": 2.447257486979167,
          "kernel_tflops": 56.16039758924232,
          "pct_of_torch_matmul_tflops": 100.2134052055241,
          "pct_of_torch_mm_tflops": 101.73368867613952,
          "latency_pct_of_torch_matmul": 99.78704924247766,
          "latency_pct_of_torch_mm": 98.29585587753674,
          "latency_pct_of_cublas": 97.9279847784848,
          "speedup_vs_torch_matmul": 1.0021340520552409,
          "speedup_vs_torch_mm": 1.0173368867613952,
          "speedup_vs_cublas": 1.0211585608159113,
          "pct_of_cublas_tflops": 102.11585608159113
        },
        {
          "mode": "reg_pingpong_256_colb",
          "close_vs_torch_mm": true,
          "max_abs_err_vs_torch_mm": 0.0,
          "mean_abs_err_vs_torch_mm": 0.0,
          "kernel_ms": 3.00581537882487,
          "kernel_tflops": 45.72434968568564,
          "pct_of_torch_matmul_tflops": 81.59117419938681,
          "pct_of_torch_mm_tflops": 82.82894985653606,
          "latency_pct_of_torch_matmul": 122.56227586040983,
          "latency_pct_of_torch_mm": 120.730735054839,
          "latency_pct_of_cublas": 120.27890168101595,
          "speedup_vs_torch_matmul": 0.8159117419938682,
          "speedup_vs_torch_mm": 0.8282894985653606,
          "speedup_vs_cublas": 0.8314010071791614,
          "pct_of_cublas_tflops": 83.14010071791614
        },
        {
          "mode": "reg_pingpong_256_colb_mma",
          "close_vs_torch_mm": true,
          "max_abs_err_vs_torch_mm": 0.0,
          "mean_abs_err_vs_torch_mm": 0.0,
          "kernel_ms": 3.183240509033203,
          "kernel_tflops": 43.175799340949645,
          "pct_of_torch_matmul_tflops": 77.04350503486813,
          "pct_of_torch_mm_tflops": 78.21229045816128,
          "latency_pct_of_torch_matmul": 129.79679462239193,
          "latency_pct_of_torch_mm": 127.85714293010479,
          "latency_pct_of_cublas": 127.37863905757189,
          "speedup_vs_torch_matmul": 0.7704350503486815,
          "speedup_vs_torch_mm": 0.7821229045816129,
          "speedup_vs_cublas": 0.7850609862050932,
          "pct_of_cublas_tflops": 78.5060986205093
        }
      ]
    },
    {
      "shape": {
        "m": 8192,
        "n": 8192,
        "k": 8192
      },
      "baselines": {
        "matmul_ms": 18.696295166015624,
        "mm_ms": 18.76353759765625,
        "cublas_ms": 19.006121826171874,
        "matmul_tflops": 58.80906447040852,
        "mm_tflops": 58.59831186168966,