{
  "timestamp": "2026-04-07 16:34:29",
  "device": "NVIDIA L4",
  "dtype": "float16",
  "warmup": 10,
  "iters": 30,
  "cases": [
    {
      "shape": {
        "m": 16384,
        "n": 256,
        "k": 256
      },
      "baselines": {
        "matmul_ms": 0.039867734909057616,
        "mm_ms": 0.03969706694285075,
        "cublas_ms": 0.03969706694285075,
        "matmul_tflops": 53.865203350494575,
        "mm_tflops": 54.09678380248068,
        "cublas_tflops": 54.09678380248068,
        "matmul_equals_mm": true,
        "matmul_vs_mm_max_abs_diff": 0.0,
        "matmul_vs_mm_mean_abs_diff": 0.0,
        "cublas_close_vs_mm": true,
        "cublas_vs_mm_max_abs_diff": 0.0,
        "cublas_vs_mm_mean_abs_diff": 0.0
      },
      "results": [
        {
          "mode": "reg_pingpong_256",
          "close_vs_torch_mm": true,
          "max_abs_err_vs_torch_mm": 0.0,
          "mean_abs_err_vs_torch_mm": 0.0,
          "kernel_ms": 0.04474879900614421,
          "kernel_tflops": 47.98974934958905,
          "pct_of_torch_matmul_tflops": 89.09230145726058,
          "pct_of_torch_mm_tflops": 88.71091029146989,
          "latency_pct_of_torch_matmul": 112.24314375577343,
          "latency_pct_of_torch_mm": 112.72570608444725,
          "latency_pct_of_cublas": 112.72570608444725,
          "speedup_vs_torch_matmul": 0.8909230145726056,
          "speedup_vs_torch_mm": 0.8871091029146987,
          "speedup_vs_cublas": 0.8871091029146987,
          "pct_of_cublas_tflops": 88.71091029146989
        },
        {
          "mode": "reg_pingpong_256_mma",
          "close_vs_torch_mm": true,
          "max_abs_err_vs_torch_mm": 0.0,
          "mean_abs_err_vs_torch_mm": 0.0,
          "kernel_ms": 0.10509653091430664,
          "kernel_tflops": 20.433439898706172,
          "pct_of_torch_matmul_tflops": 37.93439665631293,
          "pct_of_torch_mm_tflops": 37.77200502956549,
          "latency_pct_of_torch_matmul": 263.61299721201266,
          "latency_pct_of_torch_mm": 264.74633772214753,
          "latency_pct_of_cublas": 264.74633772214753,
          "speedup_vs_torch_matmul": 0.37934396656312924,
          "speedup_vs_torch_mm": 0.37772005029565486,
          "speedup_vs_cublas": 0.37772005029565486,
          "pct_of_cublas_tflops": 37.77200502956549
        },
        {
          "mode": "reg_pingpong_256_colb",
          "close_vs_torch_mm": true,
          "max_abs_err_vs_torch_mm": 0.0,
          "mean_abs_err_vs_torch_mm": 0.0,
          "kernel_ms": 0.04928853511810303,
          "kernel_tflops": 43.56963831151187,
          "pct_of_torch_matmul_tflops": 80.8864268607868,
          "pct_of_torch_mm_tflops": 80.54016384891615,
          "latency_pct_of_torch_matmul": 123.63013657669597,
          "latency_pct_of_torch_mm": 124.16165453498235,
          "latency_pct_of_cublas": 124.16165453498235,
          "speedup_vs_torch_matmul": 0.8088642686078679,
          "speedup_vs_torch_mm": 0.8054016384891614,
          "speedup_vs_cublas": 0.8054016384891614,
          "pct_of_cublas_tflops": 80.54016384891615
        },
        {
          "mode": "reg_pingpong_256_colb_mma",
          "close_vs_torch_mm": true,
          "max_abs_err_vs_torch_mm": 0.0,
          "mean_abs_err_vs_torch_mm": 0.0,
          "kernel_ms": 0.09366186459859212,
          "kernel_tflops": 22.928047153486627,
          "pct_of_torch_matmul_tflops": 42.5656002898504,
          "pct_of_torch_mm_tflops": 42.38338315490621,
          "latency_pct_of_torch_matmul": 234.93149237659077,
          "latency_pct_of_torch_mm": 235.94152367335076,
          "latency_pct_of_cublas": 235.94152367335076,
          "speedup_vs_torch_matmul": 0.425656002898504,
          "speedup_vs_torch_mm": 0.42383383154906207,
          "speedup_vs_cublas": 0.42383383154906207,
          "pct_of_cublas_tflops": 42.38338315490621
        }
      ]
    },
    {
      "shape": {
        "m": 16384,
        "n": 512,
        "k": 256
      },
      "baselines": {
        "matmul_ms": 0.07031466960906982,
        "mm_ms": 0.07028053601582845,
        "cublas_ms": 0.0703488032023112,
        "matmul_tflops": 61.082094531323754,
        "mm_tflops": 61.11176065920577,
        "cublas_tflops": 61.05245719175072,
        "matmul_equals_mm": true,
        "matmul_vs_mm_max_abs_diff": 0.0,
        "matmul_vs_mm_mean_abs_diff": 0.0,
        "cublas_close_vs_mm": true,
        "cublas_vs_mm_max_abs_diff": 0.0,
        "cublas_vs_mm_mean_abs_diff": 0.0
      },
      "results": [
        {
          "mode": "reg_pingpong_256",
          "close_vs_torch_mm": true,
          "max_abs_err_vs_torch_mm": 0.0,
          "mean_abs_err_vs_torch_mm": 0.0,
          "kernel_ms": 0.07611733277638753,
          "kernel_tflops": 56.42561476263851,
          "pct_of_torch_matmul_tflops": 92.37668615587938,
          "pct_of_torch_mm_tflops": 92.33184276476683,
          "latency_pct_of_torch_matmul": 108.25242186243484,
          "latency_pct_of_torch_mm": 108.30499750207443,
          "latency_pct_of_cublas": 108.19989724272497,
          "speedup_vs_torch_matmul": 0.9237668615587937,
          "speedup_vs_torch_mm": 0.9233184276476681,
          "speedup_vs_cublas": 0.9242152954699195,
          "pct_of_cublas_tflops": 92.42152954699196
        },
        {
          "mode": "reg_pingpong_256_mma",
          "close_vs_torch_mm": true,
          "max_abs_err_vs_torch_mm": 0.0,
          "mean_abs_err_vs_torch_mm": 0.0,
          "kernel_ms": 0.17636693318684896,
          "kernel_tflops": 24.352452120090845,
          "pct_of_torch_matmul_tflops": 39.86839728883653,
          "pct_of_torch_mm_tflops": 39.849043551361724,
          "latency_pct_of_torch_matmul": 250.82523201403131,
          "latency_pct_of_torch_mm": 250.9470518937532,
          "latency_pct_of_cublas": 250.70353034954644,
          "speedup_vs_torch_matmul": 0.39868397288836527,
          "speedup_vs_torch_mm": 0.3984904355136171,
          "speedup_vs_cublas": 0.3988775102631135,
          "pct_of_cublas_tflops": 39.887751026311356
        },
        {
          "mode": "reg_pingpong_256_colb",
          "close_vs_torch_mm": true,
          "max_abs_err_vs_torch_mm": 0.0,
          "mean_abs_err_vs_torch_mm": 0.0,
          "kernel_ms": 0.08021333217620849,
          "kernel_tflops": 53.54430715538706,
          "pct_of_torch_matmul_tflops": 87.65957940084846,
          "pct_of_torch_mm_tflops": 87.61702588472426,
          "latency_pct_of_torch_matmul": 114.07766348355544,
          "latency_pct_of_torch_mm": 114.1330683052033,
          "latency_pct_of_cublas": 114.02231242730397,
          "speedup_vs_torch_matmul": 0.8765957940084848,
          "speedup_vs_torch_mm": 0.8761702588472426,
          "speedup_vs_cublas": 0.877021329169727,
          "pct_of_cublas_tflops": 87.70213291697267
        },
        {
          "mode": "reg_pingpong_256_colb_mma",
          "close_vs_torch_mm": true,
          "max_abs_err_vs_torch_mm": 0.0,
          "mean_abs_err_vs_torch_mm": 0.0,
          "kernel_ms": 0.17902933756510417,
          "kernel_tflops": 23.990298765631817,
          "pct_of_torch_matmul_tflops": 39.27550119180876,
          "pct_of_torch_mm_tflops": 39.25643527015279,
          "latency_pct_of_torch_matmul": 254.61164584923452,
          "latency_pct_of_torch_mm": 254.7353047005554,
          "latency_pct_of_cublas": 254.48810699770718,
          "speedup_vs_torch_matmul": 0.3927550119180876,
          "speedup_vs_torch_mm": 0.3925643527015279,
          "speedup_vs_cublas": 0.3929456711346474,
          "pct_of_cublas_tflops": 39.29456711346474
        }
      ]
    },
    {
      "shape": {
        "m": 16384,
        "n": 1024,
        "k": 256
      },
      "baselines": {
        "matmul_ms": 0.1555456002553304,
        "mm_ms": 0.15513599713643392,
        "cublas_ms": 0.15476053555806477,
        "matmul_tflops": 55.22454237149425,
        "mm_tflops": 55.37035085703291,
        "cublas_tflops": 55.5046838073078,