{
  "timestamp": "2026-04-07 14:45:43",
  "device": "NVIDIA L4",
  "dtype": "float16",
  "warmup": 10,
  "iters": 30,
  "kernel": "Bruce-Lee-LY wmma_async_stage3",
  "cases": [
    {
      "shape": {
        "m": 16384,
        "n": 256,
        "k": 256
      },
      "matmul_equals_mm": true,
      "matmul_vs_mm_max_abs_diff": 0.0,
      "cublas_close_vs_mm": true,
      "cublas_vs_mm_max_abs_diff": 0.0,
      "cublas_vs_mm_mean_abs_diff": 0.0,
      "kernel_close_vs_mm": true,
      "kernel_max_abs_err_vs_mm": 0.15625,
      "kernel_mean_abs_err_vs_mm": 0.00910186767578125,
      "kernel_ms": 0.04437333345413208,
      "matmul_ms": 0.04072106679280599,
      "mm_ms": 0.04037973483403524,
      "cublas_ms": 0.04116479953130086,
      "kernel_tflops": 48.39581525286612,
      "matmul_tflops": 52.73642900680064,
      "mm_tflops": 53.18221273186596,
      "cublas_tflops": 52.16796079298523,
      "pct_of_torch_matmul_tflops": 91.76923080367317,
      "pct_of_torch_mm_tflops": 91.00000313425865,
      "pct_of_cublas_tflops": 92.76922946041945
    },
    {
      "shape": {
        "m": 16384,
        "n": 512,
        "k": 256
      },
      "matmul_equals_mm": true,
      "matmul_vs_mm_max_abs_diff": 0.0,
      "cublas_close_vs_mm": true,
      "cublas_vs_mm_max_abs_diff": 0.0,
      "cublas_vs_mm_mean_abs_diff": 0.0,
      "kernel_close_vs_mm": false,
      "kernel_max_abs_err_vs_mm": 0.1875,
      "kernel_mean_abs_err_vs_mm": 0.00917816162109375,
      "kernel_ms": 0.07174826463063558,
      "matmul_ms": 0.07768747011820475,
      "mm_ms": 0.07816533247629802,
      "cublas_ms": 0.07802879810333252,
      "kernel_tflops": 59.861619205854694,
      "matmul_tflops": 55.285199652724266,
      "mm_tflops": 54.9472145762619,
      "cublas_tflops": 55.04336091800659,
      "pct_of_torch_matmul_tflops": 108.27783852075665,
      "pct_of_torch_mm_tflops": 108.94386488467406,
      "pct_of_cublas_tflops": 108.75356847309061
    },
    {
      "shape": {
        "m": 16384,
        "n": 1024,
        "k": 256
      },
      "matmul_equals_mm": true,
      "matmul_vs_mm_max_abs_diff": 0.0,
      "cublas_close_vs_mm": true,
      "cublas_vs_mm_max_abs_diff": 0.0,
      "cublas_vs_mm_mean_abs_diff": 0.0,
      "kernel_close_vs_mm": false,
      "kernel_max_abs_err_vs_mm": 0.1875,
      "kernel_mean_abs_err_vs_mm": 0.00917816162109375,
      "kernel_ms": 0.1555797259012858,
      "matmul_ms": 0.1538047949473063,
      "mm_ms": 0.15305387179056804,
      "cublas_ms": 0.15319040616353352,
      "kernel_tflops": 55.212429140351176,
      "matmul_tflops": 55.84958905177775,
      "mm_tflops": 56.12360204617415,
      "cublas_tflops": 56.07358063161012,
      "pct_of_torch_matmul_tflops": 98.85915022430001,
      "pct_of_torch_mm_tflops": 98.3764889055529,
      "pct_of_cublas_tflops": 98.46424736647995
    },
    {
      "shape": {
        "m": 32768,
        "n": 1024,
        "k": 256
      },
      "matmul_equals_mm": true,
      "matmul_vs_mm_max_abs_diff": 0.0,
      "cublas_close_vs_mm": true,
      "cublas_vs_mm_max_abs_diff": 0.0,
      "cublas_vs_mm_mean_abs_diff": 0.0,
      "kernel_close_vs_mm": false,
      "kernel_max_abs_err_vs_mm": 0.1875,
      "kernel_mean_abs_err_vs_mm": 0.0091705322265625,
      "kernel_ms": 0.4263594627380371,
      "matmul_ms": 0.33437013626098633,
      "mm_ms": 0.3536213239034017,
      "cublas_ms": 0.35392853418986003,
      "kernel_tflops": 40.294330689115306,
      "matmul_tflops": 51.379795385167334,
      "mm_tflops": 48.582673110213804,
      "cublas_tflops": 48.54050330619599,
      "pct_of_torch_matmul_tflops": 78.42446702453732,
      "pct_of_torch_mm_tflops": 82.9397151484528,
      "pct_of_cublas_tflops": 83.0117694390942
    }
  ]
}