{
  "timestamp": "2026-04-07 15:54:48",
  "device": "NVIDIA L4",
  "dtype": "float16",
  "warmup": 10,
  "iters": 30,
  "cases": [
    {
      "shape": {
        "m": 4096,
        "n": 8192,
        "k": 4096
      },
      "baselines": {
        "matmul_ms": 4.33438720703125,
        "mm_ms": 4.38466542561849,
        "cublas_ms": 4.38852284749349,
        "matmul_tflops": 63.41793979506321,
        "mm_tflops": 62.69073698028543,
        "cublas_tflops": 62.635633103971834,
        "matmul_equals_mm": true,
        "matmul_vs_mm_max_abs_diff": 0.0,
        "matmul_vs_mm_mean_abs_diff": 0.0,
        "cublas_close_vs_mm": true,
        "cublas_vs_mm_max_abs_diff": 0.0,
        "cublas_vs_mm_mean_abs_diff": 0.0
      },
      "results": [
        {
          "mode": "reg_pingpong_256",
          "close_vs_torch_mm": true,
          "max_abs_err_vs_torch_mm": 0.0,
          "mean_abs_err_vs_torch_mm": 0.0,
          "kernel_ms": 4.876287841796875,
          "kernel_tflops": 56.370320182475034,
          "pct_of_torch_matmul_tflops": 88.88702528754048,
          "pct_of_torch_mm_tflops": 89.91810097909999,
          "latency_pct_of_torch_matmul": 112.50235866990732,
          "latency_pct_of_torch_mm": 111.21231310617135,
          "latency_pct_of_cublas": 111.11455975629644,
          "speedup_vs_torch_matmul": 0.8888702528754048,
          "speedup_vs_torch_mm": 0.8991810097909999,
          "speedup_vs_cublas": 0.8999720668409829,
          "pct_of_cublas_tflops": 89.99720668409832
        },
        {
          "mode": "reg_pingpong_256_colb",
          "close_vs_torch_mm": true,
          "max_abs_err_vs_torch_mm": 0.0,
          "mean_abs_err_vs_torch_mm": 0.0,
          "kernel_ms": 6.186530049641927,
          "kernel_tflops": 44.43167732773071,
          "pct_of_torch_matmul_tflops": 70.06168518137436,
          "pct_of_torch_mm_tflops": 70.8743898507738,
          "latency_pct_of_torch_matmul": 142.73136556895813,
          "latency_pct_of_torch_mm": 141.09468908381467,
          "latency_pct_of_cublas": 140.97066973629572,
          "speedup_vs_torch_matmul": 0.7006168518137437,
          "speedup_vs_torch_mm": 0.708743898507738,
          "speedup_vs_cublas": 0.7093674179676044,
          "pct_of_cublas_tflops": 70.93674179676044
        },
        {
          "mode": "reg_pingpong_256_colb_mma",
          "close_vs_torch_mm": true,
          "max_abs_err_vs_torch_mm": 0.0,
          "mean_abs_err_vs_torch_mm": 0.0,
          "kernel_ms": 6.331972249348959,
          "kernel_tflops": 43.41110417410032,
          "pct_of_torch_matmul_tflops": 68.45240371160665,
          "pct_of_torch_mm_tflops": 69.24644096583512,
          "latency_pct_of_torch_matmul": 146.0869079503839,
          "latency_pct_of_torch_mm": 144.41175402695148,
          "latency_pct_of_cublas": 144.28481904715326,
          "speedup_vs_torch_matmul": 0.6845240371160666,
          "speedup_vs_torch_mm": 0.6924644096583513,
          "speedup_vs_cublas": 0.6930736071916154,
          "pct_of_cublas_tflops": 69.30736071916154
        }
      ]
    },
    {
      "shape": {
        "m": 8192,
        "n": 4096,
        "k": 4096
      },
      "baselines": {
        "matmul_ms": 5.6521728515625,
        "mm_ms": 5.517823791503906,
        "cublas_ms": 5.31749521891276,
        "matmul_tflops": 48.632254207868414,
        "mm_tflops": 49.81636190833866,
        "cublas_tflops": 51.693117836070726,
        "matmul_equals_mm": true,
        "matmul_vs_mm_max_abs_diff": 0.0,
        "matmul_vs_mm_mean_abs_diff": 0.0,
        "cublas_close_vs_mm": true,
        "cublas_vs_mm_max_abs_diff": 0.0,
        "cublas_vs_mm_mean_abs_diff": 0.0
      },
      "results": [
        {
          "mode": "reg_pingpong_256",
          "close_vs_torch_mm": true,
          "max_abs_err_vs_torch_mm": 0.0,
          "mean_abs_err_vs_torch_mm": 0.0,
          "kernel_ms": 4.782660420735677,
          "kernel_tflops": 57.473849858175335,
          "pct_of_torch_matmul_tflops": 118.1805178359929,
          "pct_of_torch_mm_tflops": 115.37143150663296,
          "latency_pct_of_torch_matmul": 84.61631564246213,
          "latency_pct_of_torch_mm": 86.67657035550502,
          "latency_pct_of_cublas": 89.94197876709258,
          "speedup_vs_torch_matmul": 1.1818051783599288,
          "speedup_vs_torch_mm": 1.1537143150663296,
          "speedup_vs_cublas": 1.111827884718358,
          "pct_of_cublas_tflops": 111.18278847183579
        },
        {
          "mode": "reg_pingpong_256_colb",
          "close_vs_torch_mm": true,
          "max_abs_err_vs_torch_mm": 0.0,
          "mean_abs_err_vs_torch_mm": 0.0,
          "kernel_ms": 5.684155782063802,
          "kernel_tflops": 48.35861603430534,
          "pct_of_torch_matmul_tflops": 99.43733191475464,
          "pct_of_torch_mm_tflops": 97.07376087255116,
          "latency_pct_of_torch_matmul": 100.56585195359798,
          "latency_pct_of_torch_mm": 103.01444911698714,
          "latency_pct_of_cublas": 106.89536234742512,
          "speedup_vs_torch_matmul": 0.9943733191475463,
          "speedup_vs_torch_mm": 0.9707376087255117,
          "speedup_vs_cublas": 0.9354942796768468,
          "pct_of_cublas_tflops": 93.54942796768468
        },
        {
          "mode": "reg_pingpong_256_colb_mma",
          "close_vs_torch_mm": true,
          "max_abs_err_vs_torch_mm": 0.0,
          "mean_abs_err_vs_torch_mm": 0.0,
          "kernel_ms": 6.0561065673828125,
          "kernel_tflops": 45.38855185020141,
          "pct_of_torch_matmul_tflops": 93.33014187702986,
          "pct_of_torch_mm_tflops": 91.11173540475646,
          "latency_pct_of_torch_matmul": 107.14652092971022,
          "latency_pct_of_torch_mm": 109.75534551697228,
          "latency_pct_of_cublas": 113.89021180203473,
          "speedup_vs_torch_matmul": 0.9333014187702983,
          "speedup_vs_torch_mm": 0.9111173540475644,
          "speedup_vs_cublas": 0.8780385813472816,
          "pct_of_cublas_tflops": 87.80385813472819
        }
      ]
    },
    {
      "shape": {
        "m": 4096,
        "n": 4096,
        "k": 8192
      },
      "baselines": {
        "matmul_ms": 5.22239990234375,
        "mm_ms": 5.123242696126302,
        "cublas_ms": 5.076957702636719,
        "matmul_tflops": 52.63440412149175,
        "mm_tflops": 53.65311058791651,
        "cublas_tflops": 54.14224877257538,
        "matmul_equals_mm": true,
        "matmul_vs_mm_max_abs_diff": 0.0,
        "matmul_vs_mm_mean_abs_diff": 0.0,
        "cublas_close_vs_mm": true,
        "cublas_vs_mm_max_abs_diff": 0.0,
        "cublas_vs_mm_mean_abs_diff": 0.0
      },
      "results": [
        {
          "mode": "reg_pingpong_256",
          "close_vs_torch_mm": true,
          "max_abs_err_vs_torch_mm": 0.0,
          "mean_abs_err_vs_torch_mm": 0.0,
          "kernel_ms": 5.816251627604166,
          "kernel_tflops": 47.26031893795968,
          "pct_of_torch_matmul_tflops": 89.7897862182927,
          "pct_of_torch_mm_tflops": 88.08495615649062,
          "latency_pct_of_torch_matmul": 111.37124188811934,
          "latency_pct_of_torch_mm": 113.52676366477525,
          "latency_pct_of_cublas": 114.56175072294762,
          "speedup_vs_torch_matmul": 0.8978978621829269,
          "speedup_vs_torch_mm": 0.8808495615649061,
          "speedup_vs_cublas": 0.8728916882724385,
          "pct_of_cublas_tflops": 87.28916882724386
        },
        {
          "mode": "reg_pingpong_256_colb",
          "close_vs_torch_mm": true,
          "max_abs_err_vs_torch_mm": 0.0,
          "mean_abs_err_vs_torch_mm": 0.0,
          "kernel_ms": 7.035050455729166,
          "kernel_tflops": 39.072627648341374,
          "pct_of_torch_matmul_tflops": 74.23400777588967,
          "pct_of_torch_mm_tflops": 72.8245337878716,
          "latency_pct_of_torch_matmul": 134.7091488066994,
          "latency_pct_of_torch_mm": 137.31636139448142,
          "latency_pct_of_cublas": 138.56823057784214,